{
  "Author": "n0way02",
  "Name": "Goobbue Sync",
  "InternalName": "MareSynchronos",
  "AssemblyVersion": "1.11.0.0",
  "Description": "A plugin that allows other players to see your character customizations, mods, and appearance exactly as you see them. Real-time synchronization of character data across the FFXIV community.",
  "ApplicableVersion": "any",
  "RepoUrl": "https://github.com/n0way02/goobbue-sync",
  "Tags": [
    "social",
    "utility",
    "mods",
    "customization",
    "synchronization"
  ],
  "CategoryTags": [
    "social",
    "utility"
  ],
  "DalamudApiLevel": 13,
  "LoadRequiredState": 0,
  "LoadSync": false,
  "CanUnloadAsync": false,
  "LoadPriority": 0,
  "ImageUrls": [
    "https://raw.githubusercontent.com/n0way02/goobbue-sync/main/client-main/MareSynchronos/images/icon.png"
  ],
  "IconUrl": "https://raw.githubusercontent.com/n0way02/goobbue-sync/main/client-main/MareSynchronos/images/icon.png",
  "Punchline": "Let others see you as you see yourself!",
  "Changelog": "Initial release of Goobbue Sync - FFXIV character synchronization plugin",
  "AcceptsFeedback": true
}